{"char_accuracy": 99.4336569579288, "word_accuracy": 98.50498338870432 ,"character_error_rate":0.47 , "word_error_rate":1.33}